split,budget,channel,snr_db,rf_E,rf_L,rf_F,or_E,or_L,or_F
validate,0.1,awgn,0,0.1485,0.8515,0.0,0.1419,0.8581,0.0
validate,0.1,awgn,2,0.1485,0.8515,0.0,0.1419,0.8581,0.0
validate,0.1,awgn,4,0.1485,0.8515,0.0,0.1419,0.8581,0.0
validate,0.1,awgn,6,0.1485,0.8515,0.0,0.1419,0.8581,0.0
validate,0.1,awgn,8,0.148,0.851,0.001,0.0424,0.5742,0.3833
validate,0.1,awgn,10,0.1359,0.7662,0.098,0.0429,0.3258,0.6313
validate,0.1,awgn,12,0.1359,0.7662,0.098,0.0429,0.3258,0.6313
validate,0.1,awgn,14,0.1359,0.7662,0.098,0.0429,0.3258,0.6313
validate,0.1,awgn,16,0.1359,0.7662,0.098,0.0429,0.3258,0.6313
validate,0.1,awgn,18,0.1359,0.7662,0.098,0.0429,0.3258,0.6313
validate,0.1,awgn,20,0.1359,0.7662,0.098,0.0429,0.3258,0.6313
validate,0.1,rayleigh,0,0.1485,0.8515,0.0,0.1419,0.8581,0.0
validate,0.1,rayleigh,2,0.1485,0.8515,0.0,0.1419,0.8581,0.0
validate,0.1,rayleigh,4,0.1485,0.8515,0.0,0.1419,0.8581,0.0
validate,0.1,rayleigh,6,0.1485,0.8515,0.0,0.1419,0.8581,0.0
validate,0.1,rayleigh,8,0.1485,0.8515,0.0,0.1419,0.8581,0.0
validate,0.1,rayleigh,10,0.1485,0.8515,0.0,0.1419,0.8581,0.0
validate,0.1,rayleigh,12,0.1485,0.8515,0.0,0.1419,0.8581,0.0
validate,0.1,rayleigh,14,0.1485,0.8515,0.0,0.1419,0.8581,0.0
validate,0.1,rayleigh,16,0.1485,0.8515,0.0,0.1419,0.8581,0.0
validate,0.1,rayleigh,18,0.1485,0.8515,0.0,0.1419,0.8581,0.0
validate,0.1,rayleigh,20,0.1485,0.8515,0.0,0.1419,0.8581,0.0
validate,0.2,awgn,0,0.1419,0.8581,0.0,0.1419,0.8581,0.0
validate,0.2,awgn,2,0.1419,0.8581,0.0,0.1419,0.8581,0.0
validate,0.2,awgn,4,0.1419,0.8581,0.0,0.1419,0.8581,0.0
validate,0.2,awgn,6,0.1419,0.8581,0.0,0.1419,0.8581,0.0
validate,0.2,awgn,8,0.0566,0.6712,0.2722,0.0424,0.5742,0.3833
validate,0.2,awgn,10,0.05,0.3798,0.5702,0.0429,0.3258,0.6313
validate,0.2,awgn,12,0.05,0.3798,0.5702,0.0429,0.3258,0.6313
validate,0.2,awgn,14,0.05,0.3798,0.5702,0.0429,0.3258,0.6313
validate,0.2,awgn,16,0.05,0.3798,0.5702,0.0429,0.3258,0.6313
validate,0.2,awgn,18,0.05,0.3798,0.5702,0.0429,0.3258,0.6313
validate,0.2,awgn,20,0.05,0.3798,0.5702,0.0429,0.3258,0.6313
validate,0.2,rayleigh,0,0.1419,0.8581,0.0,0.1419,0.8581,0.0
validate,0.2,rayleigh,2,0.1419,0.8581,0.0,0.1419,0.8581,0.0
validate,0.2,rayleigh,4,0.1419,0.8581,0.0,0.1419,0.8581,0.0
validate,0.2,rayleigh,6,0.1419,0.8581,0.0,0.1419,0.8581,0.0
validate,0.2,rayleigh,8,0.1419,0.8581,0.0,0.1419,0.8581,0.0
validate,0.2,rayleigh,10,0.1419,0.8581,0.0,0.1419,0.8581,0.0
validate,0.2,rayleigh,12,0.1419,0.8581,0.0,0.1419,0.8581,0.0
validate,0.2,rayleigh,14,0.1419,0.8581,0.0,0.1419,0.8581,0.0
validate,0.2,rayleigh,16,0.1419,0.8581,0.0,0.1419,0.8581,0.0
validate,0.2,rayleigh,18,0.1419,0.8581,0.0,0.1419,0.8581,0.0
validate,0.2,rayleigh,20,0.1419,0.8581,0.0,0.1419,0.8581,0.0
validate,0.3,awgn,0,0.1419,0.8581,0.0,0.1419,0.8581,0.0
validate,0.3,awgn,2,0.1419,0.8581,0.0,0.1419,0.8581,0.0
validate,0.3,awgn,4,0.1419,0.8581,0.0,0.1419,0.8581,0.0
validate,0.3,awgn,6,0.1419,0.8581,0.0,0.1419,0.8581,0.0
validate,0.3,awgn,8,0.0566,0.6712,0.2722,0.0424,0.5742,0.3833
validate,0.3,awgn,10,0.05,0.3798,0.5702,0.0429,0.3258,0.6313
validate,0.3,awgn,12,0.05,0.3798,0.5702,0.0429,0.3258,0.6313
validate,0.3,awgn,14,0.05,0.3798,0.5702,0.0429,0.3258,0.6313
validate,0.3,awgn,16,0.05,0.3798,0.5702,0.0429,0.3258,0.6313
validate,0.3,awgn,18,0.05,0.3798,0.5702,0.0429,0.3258,0.6313
validate,0.3,awgn,20,0.05,0.3798,0.5702,0.0429,0.3258,0.6313
validate,0.3,rayleigh,0,0.1419,0.8581,0.0,0.1419,0.8581,0.0
validate,0.3,rayleigh,2,0.1419,0.8581,0.0,0.1419,0.8581,0.0
validate,0.3,rayleigh,4,0.1419,0.8581,0.0,0.1419,0.8581,0.0
validate,0.3,rayleigh,6,0.1419,0.8581,0.0,0.1419,0.8581,0.0
validate,0.3,rayleigh,8,0.1419,0.8581,0.0,0.1419,0.8581,0.0
validate,0.3,rayleigh,10,0.1419,0.8581,0.0,0.1419,0.8581,0.0
validate,0.3,rayleigh,12,0.1419,0.8581,0.0,0.1419,0.8581,0.0
validate,0.3,rayleigh,14,0.1419,0.8581,0.0,0.1419,0.8581,0.0
validate,0.3,rayleigh,16,0.1419,0.8581,0.0,0.1419,0.8581,0.0
validate,0.3,rayleigh,18,0.1419,0.8581,0.0,0.1419,0.8581,0.0
validate,0.3,rayleigh,20,0.1419,0.8581,0.0,0.1419,0.8581,0.0
test,0.1,awgn,0,0.0055,0.9945,0.0,0.3525,0.6475,0.0
test,0.1,awgn,2,0.0055,0.9945,0.0,0.3525,0.6475,0.0
test,0.1,awgn,4,0.0055,0.9945,0.0,0.3525,0.6475,0.0
test,0.1,awgn,6,0.0055,0.9945,0.0,0.3525,0.6475,0.0
test,0.1,awgn,8,0.0055,0.9945,0.0,0.176,0.5083,0.3157
test,0.1,awgn,10,0.0106,0.9894,0.0,0.1774,0.4198,0.4028
test,0.1,awgn,12,0.0106,0.9894,0.0,0.1774,0.4198,0.4028
test,0.1,awgn,14,0.0106,0.9894,0.0,0.1774,0.4198,0.4028
test,0.1,awgn,16,0.0106,0.9894,0.0,0.1774,0.4198,0.4028
test,0.1,awgn,18,0.0106,0.9889,0.0005,0.1774,0.4198,0.4028
test,0.1,awgn,20,0.0106,0.9894,0.0,0.1774,0.4198,0.4028
test,0.1,rayleigh,0,0.0037,0.9963,0.0,0.3525,0.6475,0.0
test,0.1,rayleigh,2,0.0037,0.9963,0.0,0.3525,0.6475,0.0
test,0.1,rayleigh,4,0.0037,0.9963,0.0,0.3525,0.6475,0.0
test,0.1,rayleigh,6,0.0037,0.9963,0.0,0.3525,0.6475,0.0
test,0.1,rayleigh,8,0.0037,0.9963,0.0,0.3525,0.6475,0.0
test,0.1,rayleigh,10,0.0037,0.9963,0.0,0.3525,0.6475,0.0
test,0.1,rayleigh,12,0.0037,0.9963,0.0,0.3525,0.6475,0.0
test,0.1,rayleigh,14,0.0037,0.9963,0.0,0.3525,0.6475,0.0
test,0.1,rayleigh,16,0.0037,0.9963,0.0,0.3525,0.6475,0.0
test,0.1,rayleigh,18,0.0037,0.9963,0.0,0.3525,0.6475,0.0
test,0.1,rayleigh,20,0.0037,0.9963,0.0,0.3525,0.6475,0.0
test,0.2,awgn,0,0.0175,0.9825,0.0,0.3525,0.6475,0.0
test,0.2,awgn,2,0.0175,0.9825,0.0,0.3525,0.6475,0.0
test,0.2,awgn,4,0.0175,0.9825,0.0,0.3525,0.6475,0.0
test,0.2,awgn,6,0.0175,0.9825,0.0,0.3525,0.6475,0.0
test,0.2,awgn,8,0.0456,0.9525,0.0018,0.176,0.5083,0.3157
test,0.2,awgn,10,0.0442,0.9078,0.0479,0.1774,0.4198,0.4028
test,0.2,awgn,12,0.0429,0.9032,0.0539,0.1774,0.4198,0.4028
test,0.2,awgn,14,0.0419,0.9018,0.0562,0.1774,0.4198,0.4028
test,0.2,awgn,16,0.0419,0.9018,0.0562,0.1774,0.4198,0.4028
test,0.2,awgn,18,0.0419,0.9018,0.0562,0.1774,0.4198,0.4028
test,0.2,awgn,20,0.0419,0.9018,0.0562,0.1774,0.4198,0.4028
test,0.2,rayleigh,0,0.0171,0.9829,0.0,0.3525,0.6475,0.0
test,0.2,rayleigh,2,0.0171,0.9829,0.0,0.3525,0.6475,0.0
test,0.2,rayleigh,4,0.0171,0.9829,0.0,0.3525,0.6475,0.0
test,0.2,rayleigh,6,0.0171,0.9829,0.0,0.3525,0.6475,0.0
test,0.2,rayleigh,8,0.0166,0.9834,0.0,0.3525,0.6475,0.0
test,0.2,rayleigh,10,0.0161,0.9839,0.0,0.3525,0.6475,0.0
test,0.2,rayleigh,12,0.0161,0.9839,0.0,0.3525,0.6475,0.0
test,0.2,rayleigh,14,0.0161,0.9839,0.0,0.3525,0.6475,0.0
test,0.2,rayleigh,16,0.0161,0.9839,0.0,0.3525,0.6475,0.0
test,0.2,rayleigh,18,0.0157,0.9843,0.0,0.3525,0.6475,0.0
test,0.2,rayleigh,20,0.0157,0.9843,0.0,0.3525,0.6475,0.0
test,0.3,awgn,0,0.0175,0.9825,0.0,0.3525,0.6475,0.0
test,0.3,awgn,2,0.0175,0.9825,0.0,0.3525,0.6475,0.0
test,0.3,awgn,4,0.0175,0.9825,0.0,0.3525,0.6475,0.0
test,0.3,awgn,6,0.0175,0.9825,0.0,0.3525,0.6475,0.0
test,0.3,awgn,8,0.0456,0.9525,0.0018,0.176,0.5083,0.3157
test,0.3,awgn,10,0.0442,0.9078,0.0479,0.1774,0.4198,0.4028
test,0.3,awgn,12,0.0429,0.9032,0.0539,0.1774,0.4198,0.4028
test,0.3,awgn,14,0.0419,0.9018,0.0562,0.1774,0.4198,0.4028
test,0.3,awgn,16,0.0419,0.9018,0.0562,0.1774,0.4198,0.4028
test,0.3,awgn,18,0.0419,0.9018,0.0562,0.1774,0.4198,0.4028
test,0.3,awgn,20,0.0419,0.9018,0.0562,0.1774,0.4198,0.4028
test,0.3,rayleigh,0,0.0171,0.9829,0.0,0.3525,0.6475,0.0
test,0.3,rayleigh,2,0.0171,0.9829,0.0,0.3525,0.6475,0.0
test,0.3,rayleigh,4,0.0171,0.9829,0.0,0.3525,0.6475,0.0
test,0.3,rayleigh,6,0.0171,0.9829,0.0,0.3525,0.6475,0.0
test,0.3,rayleigh,8,0.0166,0.9834,0.0,0.3525,0.6475,0.0
test,0.3,rayleigh,10,0.0161,0.9839,0.0,0.3525,0.6475,0.0
test,0.3,rayleigh,12,0.0161,0.9839,0.0,0.3525,0.6475,0.0
test,0.3,rayleigh,14,0.0161,0.9839,0.0,0.3525,0.6475,0.0
test,0.3,rayleigh,16,0.0161,0.9839,0.0,0.3525,0.6475,0.0
test,0.3,rayleigh,18,0.0157,0.9843,0.0,0.3525,0.6475,0.0
test,0.3,rayleigh,20,0.0157,0.9843,0.0,0.3525,0.6475,0.0
culver,0.1,awgn,0,0.0,1.0,0.0,0.3018,0.6982,0.0
culver,0.1,awgn,2,0.0,1.0,0.0,0.3018,0.6982,0.0
culver,0.1,awgn,4,0.0,1.0,0.0,0.3018,0.6982,0.0
culver,0.1,awgn,6,0.0,1.0,0.0,0.3018,0.6982,0.0
culver,0.1,awgn,8,0.0,1.0,0.0,0.1491,0.3818,0.4691
culver,0.1,awgn,10,0.0,1.0,0.0,0.1527,0.1491,0.6982
culver,0.1,awgn,12,0.0,1.0,0.0,0.1527,0.1491,0.6982
culver,0.1,awgn,14,0.0,1.0,0.0,0.1527,0.1491,0.6982
culver,0.1,awgn,16,0.0,1.0,0.0,0.1527,0.1491,0.6982
culver,0.1,awgn,18,0.0,1.0,0.0,0.1527,0.1491,0.6982
culver,0.1,awgn,20,0.0,1.0,0.0,0.1527,0.1491,0.6982
culver,0.1,rayleigh,0,0.0,1.0,0.0,0.3018,0.6982,0.0
culver,0.1,rayleigh,2,0.0,1.0,0.0,0.3018,0.6982,0.0
culver,0.1,rayleigh,4,0.0,1.0,0.0,0.3018,0.6982,0.0
culver,0.1,rayleigh,6,0.0,1.0,0.0,0.3018,0.6982,0.0
culver,0.1,rayleigh,8,0.0,1.0,0.0,0.3018,0.6982,0.0
culver,0.1,rayleigh,10,0.0,1.0,0.0,0.3018,0.6982,0.0
culver,0.1,rayleigh,12,0.0,1.0,0.0,0.3018,0.6982,0.0
culver,0.1,rayleigh,14,0.0,1.0,0.0,0.3018,0.6982,0.0
culver,0.1,rayleigh,16,0.0,1.0,0.0,0.3018,0.6982,0.0
culver,0.1,rayleigh,18,0.0,1.0,0.0,0.3018,0.6982,0.0
culver,0.1,rayleigh,20,0.0,1.0,0.0,0.3018,0.6982,0.0
culver,0.2,awgn,0,0.0,1.0,0.0,0.3018,0.6982,0.0
culver,0.2,awgn,2,0.0,1.0,0.0,0.3018,0.6982,0.0
culver,0.2,awgn,4,0.0,1.0,0.0,0.3018,0.6982,0.0
culver,0.2,awgn,6,0.0,1.0,0.0,0.3018,0.6982,0.0
culver,0.2,awgn,8,0.0018,0.9982,0.0,0.1491,0.3818,0.4691
culver,0.2,awgn,10,0.0018,0.9818,0.0164,0.1527,0.1491,0.6982
culver,0.2,awgn,12,0.0018,0.9691,0.0291,0.1527,0.1491,0.6982
culver,0.2,awgn,14,0.0018,0.9655,0.0327,0.1527,0.1491,0.6982
culver,0.2,awgn,16,0.0018,0.9655,0.0327,0.1527,0.1491,0.6982
culver,0.2,awgn,18,0.0018,0.9636,0.0345,0.1527,0.1491,0.6982
culver,0.2,awgn,20,0.0018,0.9655,0.0327,0.1527,0.1491,0.6982
culver,0.2,rayleigh,0,0.0,1.0,0.0,0.3018,0.6982,0.0
culver,0.2,rayleigh,2,0.0,1.0,0.0,0.3018,0.6982,0.0
culver,0.2,rayleigh,4,0.0,1.0,0.0,0.3018,0.6982,0.0
culver,0.2,rayleigh,6,0.0,1.0,0.0,0.3018,0.6982,0.0
culver,0.2,rayleigh,8,0.0,1.0,0.0,0.3018,0.6982,0.0
culver,0.2,rayleigh,10,0.0,1.0,0.0,0.3018,0.6982,0.0
culver,0.2,rayleigh,12,0.0,1.0,0.0,0.3018,0.6982,0.0
culver,0.2,rayleigh,14,0.0,1.0,0.0,0.3018,0.6982,0.0
culver,0.2,rayleigh,16,0.0,1.0,0.0,0.3018,0.6982,0.0
culver,0.2,rayleigh,18,0.0,1.0,0.0,0.3018,0.6982,0.0
culver,0.2,rayleigh,20,0.0,1.0,0.0,0.3018,0.6982,0.0
culver,0.3,awgn,0,0.0,1.0,0.0,0.3018,0.6982,0.0
culver,0.3,awgn,2,0.0,1.0,0.0,0.3018,0.6982,0.0
culver,0.3,awgn,4,0.0,1.0,0.0,0.3018,0.6982,0.0
culver,0.3,awgn,6,0.0,1.0,0.0,0.3018,0.6982,0.0
culver,0.3,awgn,8,0.0018,0.9982,0.0,0.1491,0.3818,0.4691
culver,0.3,awgn,10,0.0018,0.9818,0.0164,0.1527,0.1491,0.6982
culver,0.3,awgn,12,0.0018,0.9691,0.0291,0.1527,0.1491,0.6982
culver,0.3,awgn,14,0.0018,0.9655,0.0327,0.1527,0.1491,0.6982
culver,0.3,awgn,16,0.0018,0.9655,0.0327,0.1527,0.1491,0.6982
culver,0.3,awgn,18,0.0018,0.9636,0.0345,0.1527,0.1491,0.6982
culver,0.3,awgn,20,0.0018,0.9655,0.0327,0.1527,0.1491,0.6982
culver,0.3,rayleigh,0,0.0,1.0,0.0,0.3018,0.6982,0.0
culver,0.3,rayleigh,2,0.0,1.0,0.0,0.3018,0.6982,0.0
culver,0.3,rayleigh,4,0.0,1.0,0.0,0.3018,0.6982,0.0
culver,0.3,rayleigh,6,0.0,1.0,0.0,0.3018,0.6982,0.0
culver,0.3,rayleigh,8,0.0,1.0,0.0,0.3018,0.6982,0.0
culver,0.3,rayleigh,10,0.0,1.0,0.0,0.3018,0.6982,0.0
culver,0.3,rayleigh,12,0.0,1.0,0.0,0.3018,0.6982,0.0
culver,0.3,rayleigh,14,0.0,1.0,0.0,0.3018,0.6982,0.0
culver,0.3,rayleigh,16,0.0,1.0,0.0,0.3018,0.6982,0.0
culver,0.3,rayleigh,18,0.0,1.0,0.0,0.3018,0.6982,0.0
culver,0.3,rayleigh,20,0.0,1.0,0.0,0.3018,0.6982,0.0
