realisation,F1_RF,F1_tau,B_RF,B_tau,dF,dB
0,0.8795316832715815,0.8946725436900296,0.029269090909090908,0.2979927272727273,-0.015140860418448088,-0.2687236363636364
1,0.879954087192362,0.8977703443130925,0.032781818181818176,0.34190181818181814,-0.01781625712073054,-0.30911999999999995
2,0.8797477818619122,0.8973369301443443,0.03449454545454545,0.3419018181818182,-0.017589148282432188,-0.30740727272727275
3,0.8795103173906152,0.8977164389728797,0.027469090909090905,0.33663272727272725,-0.018206121582264423,-0.30916363636363636
4,0.8800182980840856,0.8964084961619596,0.03805090909090907,0.31204363636363636,-0.016390198077874008,-0.2739927272727273
5,0.879615482525392,0.8940667089896296,0.029269090909090908,0.30677454545454547,-0.014451226464237577,-0.27750545454545456
6,0.8795505561611869,0.8967482362848145,0.02751272727272727,0.30677454545454547,-0.017197680123627546,-0.2792618181818182
7,0.8795978871258823,0.895191657558446,0.02751272727272727,0.3120436363636364,-0.015593770432563714,-0.28453090909090917
8,0.8797883433645421,0.8977033225507152,0.032781818181818176,0.3366327272727273,-0.01791497918617302,-0.3038509090909091
9,0.8798373024030165,0.8941825149425212,0.034538181818181815,0.3015054545454546,-0.014345212539504715,-0.2669672727272728
10,0.879515701640736,0.8965459447950198,0.029269090909090908,0.30677454545454547,-0.01703024315428381,-0.27750545454545456
11,0.8798690524968233,0.898406273578397,0.032781818181818176,0.3208254545454546,-0.01853722108157363,-0.2880436363636364
12,0.8798885748603127,0.8973186311539205,0.03453818181818181,0.3085309090909091,-0.017430056293607832,-0.2739927272727273
13,0.8799079239368439,0.8970455301508068,0.03449454545454545,0.30326181818181813,-0.017137606213962875,-0.2687672727272727
14,0.8797761402346871,0.8947419814792598,0.02746909090909091,0.27516,-0.014965841244572675,-0.2476909090909091
15,0.8795256862857125,0.8974689979741651,0.02751272727272727,0.31555636363636363,-0.017943311688452646,-0.2880436363636364
16,0.8795636963844299,0.8970129121687086,0.034538181818181815,0.31731272727272725,-0.017449215784278715,-0.28277454545454545
17,0.8799717653881419,0.8985836121807721,0.03453818181818181,0.3190690909090909,-0.01861184679263017,-0.2845309090909091
18,0.8796901116587899,0.8964653835656355,0.029269090909090908,0.3225818181818182,-0.01677527190684569,-0.2933127272727273
19,0.8797661279548298,0.8955001830727104,0.032781818181818176,0.31731272727272725,-0.01573405511788062,-0.28453090909090906
20,0.8796166949922388,0.8975156327188303,0.02746909090909091,0.31379999999999997,-0.017898937726591457,-0.2863309090909091
21,0.8797765659202229,0.8999909062051588,0.02922545454545454,0.31731272727272725,-0.02021434028493585,-0.2880872727272727
22,0.880088408426805,0.895414401256238,0.03625090909090909,0.2804290909090909,-0.015325992829432922,-0.24417818181818182
23,0.8802503313801505,0.8959451673453066,0.03629454545454545,0.3208254545454546,-0.015694835965156084,-0.2845309090909091
24,0.8802550954168493,0.8960870651655941,0.03976363636363635,0.30677454545454547,-0.01583196974874479,-0.26701090909090913
25,0.8795667305859652,0.8974140112567046,0.02751272727272727,0.31555636363636363,-0.017847280670739374,-0.2880436363636364
26,0.8796515238285064,0.8960929876468491,0.036294545454545454,0.31028727272727274,-0.01644146381834266,-0.2739927272727273
27,0.879538751190359,0.8942166802015148,0.029269090909090908,0.2839418181818182,-0.014677929011155832,-0.2546727272727273
28,0.8797425629875877,0.8964146239467979,0.029269090909090908,0.2821854545454545,-0.016672060959210255,-0.2529163636363636
29,0.8798423036662015,0.895975797623572,0.029269090909090908,0.30326181818181813,-0.016133493957370515,-0.2739927272727272
30,0.8797740692442114,0.897543246489772,0.029269090909090908,0.2997490909090909,-0.017769177245560597,-0.27048
31,0.8799265716292641,0.8985161359953386,0.03098181818181818,0.3296072727272727,-0.018589564366074507,-0.2986254545454545
32,0.8798580742966045,0.8994756675278269,0.03102545454545454,0.3594654545454546,-0.019617593231222474,-0.32844000000000007
33,0.880019230409102,0.8965903962270192,0.03273818181818182,0.2892109090909091,-0.016571165817917177,-0.25647272727272724
34,0.8795171260833741,0.8959509296121575,0.02751272727272727,0.3225818181818182,-0.01643380352878343,-0.29506909090909095
35,0.8799528073180806,0.8976107163306873,0.034538181818181815,0.3190690909090909,-0.017657909012606776,-0.2845309090909091
36,0.8800158360871402,0.8984124487928468,0.032781818181818176,0.3296072727272727,-0.018396612705706583,-0.2968254545454545
37,0.8794827477498488,0.8977313887514848,0.02751272727272727,0.33136363636363636,-0.018248641001636035,-0.3038509090909091
38,0.8796965513446114,0.8968974897752617,0.029269090909090908,0.31028727272727274,-0.017200938430650292,-0.28101818181818183
39,0.8799435990506952,0.8971917674274416,0.029269090909090908,0.33487636363636364,-0.017248168376746364,-0.3056072727272727
40,0.8799611606381156,0.8974393988945549,0.03273818181818182,0.35068363636363636,-0.01747823825643935,-0.31794545454545453
41,0.879895217960531,0.8995205183979906,0.03805090909090909,0.3296072727272727,-0.01962530043745958,-0.2915563636363636
42,0.8797259354591369,0.8962301339608683,0.029269090909090908,0.3120436363636364,-0.01650419850173135,-0.2827745454545455
43,0.8795679197528146,0.8944165047841776,0.029269090909090908,0.31555636363636363,-0.014848585031362993,-0.2862872727272727
44,0.8797056120092218,0.8930425944127646,0.03449454545454545,0.26989090909090907,-0.013336982403542752,-0.23539636363636363
45,0.8797331621430137,0.8987408522358991,0.029269090909090908,0.32785090909090914,-0.019007690092885388,-0.2985818181818182
46,0.879978067224676,0.8952059414088587,0.034538181818181815,0.3173127272727273,-0.0152278741841827,-0.2827745454545455
47,0.8796241684393449,0.8947777764559777,0.031025454545454547,0.29623636363636363,-0.015153608016632791,-0.2652109090909091
48,0.8797518604451959,0.8978684241491494,0.03102545454545454,0.3419018181818182,-0.018116563703953426,-0.3108763636363637
49,0.879635450298136,0.897025830999339,0.032781818181818176,0.3296072727272727,-0.017390380701203023,-0.2968254545454545
50,0.879881039424376,0.8991870620136262,0.03273818181818182,0.32609454545454547,-0.019306022589250182,-0.29335636363636364
51,0.8798805888132616,0.8944800075615165,0.03098181818181818,0.2821854545454545,-0.014599418748254878,-0.25120363636363635
52,0.8795106267929077,0.8991760002509294,0.02751272727272727,0.3155563636363636,-0.019665373458021662,-0.28804363636363634
53,0.8794982494007457,0.894141786780217,0.02575636363636363,0.2839418181818182,-0.014643537379471327,-0.25818545454545455
54,0.8797343942252073,0.8989985568953497,0.029269090909090908,0.36824727272727276,-0.019264162670142415,-0.33897818181818185
55,0.879765023209832,0.8952791482046606,0.032781818181818176,0.3032618181818182,-0.015514124994828626,-0.27048
56,0.8799628952416507,0.8952385358644266,0.034538181818181815,0.3138,-0.015275640622775866,-0.2792618181818182
57,0.8795934081077575,0.8955973241668772,0.031025454545454547,0.3032618181818182,-0.01600391605911966,-0.27223636363636367
58,0.879748149243268,0.8960917381143036,0.034538181818181815,0.31731272727272725,-0.016343588871035597,-0.28277454545454545
59,0.8794818191094832,0.89620971498847,0.02922545454545454,0.30677454545454547,-0.01672789587898682,-0.2775490909090909
60,0.879575886184519,0.8971318241379702,0.029269090909090908,0.3436581818181818,-0.01755593795345123,-0.3143890909090909
61,0.879728772315112,0.8964837411713951,0.032781818181818176,0.34892727272727275,-0.016754968856283026,-0.31614545454545456
62,0.8797473450140519,0.894473015372372,0.03102545454545454,0.30677454545454547,-0.014725670358320064,-0.27574909090909094
63,0.8801793317361312,0.8971054923501541,0.03629454545454545,0.31731272727272725,-0.016926160614022967,-0.2810181818181818
64,0.8796263062953948,0.8958244446497731,0.02922545454545454,0.30677454545454547,-0.016198138354378222,-0.2775490909090909
65,0.8801328459652987,0.8949636776403,0.03805090909090909,0.30501818181818185,-0.014830831675001321,-0.2669672727272728
66,0.8799064122546802,0.89608573080861,0.032781818181818176,0.29272363636363635,-0.016179318553929734,-0.25994181818181816
67,0.8798414646495473,0.8952617123940697,0.03102545454545454,0.3050181818181818,-0.015420247744522442,-0.2739927272727273
68,0.8797082391652193,0.897358650159392,0.02922545454545454,0.29448,-0.01765041099417264,-0.26525454545454547
69,0.8797356568683278,0.895373664144864,0.03102545454545454,0.2909672727272727,-0.015638007276536192,-0.25994181818181816
70,0.8796213740652258,0.8956720171588396,0.03102545454545454,0.34892727272727275,-0.016050643093613814,-0.31790181818181823
71,0.8797193905440244,0.8979564471544856,0.031025454545454547,0.3120436363636364,-0.018237056610461266,-0.2810181818181819
72,0.879825924093073,0.8963132818978545,0.029269090909090908,0.30501818181818185,-0.0164873578047815,-0.27574909090909094
73,0.8797995362498543,0.8974644636915802,0.03449454545454545,0.3296072727272727,-0.017664927441725875,-0.29511272727272725
74,0.87984152414582,0.8988653827394907,0.032781818181818176,0.3208254545454546,-0.01902385859367073,-0.2880436363636364
75,0.8795222840525887,0.8952729226099186,0.031025454545454547,0.32609454545454547,-0.015750638557329943,-0.29506909090909095
76,0.8796602653373371,0.8975696759465228,0.02922545454545454,0.3208254545454546,-0.017909410609185716,-0.2916
77,0.8796460779146714,0.8937079092449257,0.03273818181818181,0.2839418181818182,-0.014061831330254293,-0.25120363636363635
78,0.879736658334732,0.8974406983410612,0.02751272727272727,0.3559527272727273,-0.01770404000632919,-0.32844000000000007
79,0.8797946123643355,0.8977760707278528,0.034538181818181815,0.3243381818181818,-0.017981458363517278,-0.2898
80,0.8798633619872006,0.8954198871559677,0.03273818181818182,0.33136363636363636,-0.015556525168767044,-0.2986254545454545
81,0.87951876336878,0.893419370032035,0.031025454545454547,0.2979927272727273,-0.013900606663254989,-0.2669672727272728
82,0.8799319166486913,0.8982535413865154,0.036294545454545454,0.32609454545454547,-0.01832162473782406,-0.2898
83,0.8797732642563907,0.8975790453636168,0.029269090909090908,0.3208254545454546,-0.017805781107226082,-0.29155636363636367
84,0.8794796860218048,0.8946793156055783,0.02575636363636363,0.2839418181818182,-0.015199629583773522,-0.25818545454545455
85,0.8794731867313385,0.8939021113158355,0.02575636363636363,0.29623636363636363,-0.014428924584497071,-0.27048
86,0.8796811837499792,0.8975229490403915,0.02922545454545454,0.3085309090909091,-0.01784176529041237,-0.2793054545454545
87,0.8798665094375611,0.8948647474822212,0.03102545454545454,0.2927236363636364,-0.014998238044660162,-0.2616981818181819
88,0.8800032635168595,0.8993672406703375,0.034538181818181815,0.3190690909090909,-0.01936397715347793,-0.2845309090909091
89,0.8798702480576255,0.897094546558954,0.034538181818181815,0.31028727272727274,-0.01722429850132856,-0.27574909090909094
90,0.8796583357724277,0.8952591060352567,0.02922545454545454,0.30501818181818185,-0.015600770262829022,-0.2757927272727273
91,0.8798866917870262,0.8943656879241654,0.03102545454545454,0.2804290909090909,-0.01447899613713921,-0.24940363636363636
92,0.8795802161910317,0.8946397550819637,0.029269090909090908,0.30677454545454547,-0.015059538890932034,-0.27750545454545456
93,0.8798040840842507,0.8974214013484849,0.03102545454545454,0.33487636363636364,-0.01761731726423421,-0.3038509090909091
94,0.8795589341900566,0.8956342760929329,0.03098181818181818,0.32785090909090914,-0.016075341902876294,-0.29686909090909097
95,0.8796216685121709,0.8980701132719257,0.02751272727272727,0.3190690909090909,-0.018448444759754712,-0.29155636363636367
96,0.879864821434021,0.8969917284866679,0.03102545454545454,0.33487636363636364,-0.017126907052646856,-0.3038509090909091
97,0.8799025537750937,0.8982831879233788,0.03273818181818182,0.3225818181818182,-0.018380634148285058,-0.28984363636363636
98,0.8797690622373061,0.8971137642386016,0.03273818181818181,0.33487636363636364,-0.017344702001295453,-0.3021381818181818
99,0.8796672480756587,0.896578959633256,0.03098181818181818,0.3225818181818182,-0.016911711557597298,-0.2916
100,0.8797486300901933,0.8936529722065013,0.03805090909090909,0.29623636363636363,-0.013904342116307977,-0.25818545454545455
101,0.8797350691665302,0.8984157302893789,0.03102545454545454,0.3155563636363636,-0.01868066112284872,-0.28453090909090906
102,0.8795691718838432,0.8976240896329247,0.029269090909090908,0.30677454545454547,-0.018054917749081523,-0.27750545454545456
103,0.8796402198618108,0.8955845035093072,0.029269090909090908,0.33663272727272725,-0.015944283647496338,-0.30736363636363634
104,0.8796367258375342,0.8942672444028321,0.02922545454545454,0.29623636363636363,-0.014630518565297956,-0.2670109090909091
105,0.8794959992712195,0.8966831486899859,0.031025454545454547,0.31028727272727274,-0.017187149418766423,-0.2792618181818182
106,0.8801513739065691,0.8968849397109028,0.03449454545454545,0.30677454545454547,-0.016733565804333717,-0.27228
107,0.879828025969592,0.8965307647522669,0.03102545454545454,0.31731272727272725,-0.01670273878267492,-0.2862872727272727
108,0.8801492393016815,0.8934921309793302,0.03805090909090909,0.29623636363636363,-0.013342891677648683,-0.25818545454545455
109,0.8801634649796919,0.8973680246498382,0.03449454545454545,0.3208254545454546,-0.017204559670146335,-0.28633090909090914
110,0.879797359271483,0.8982936794425899,0.034538181818181815,0.33312,-0.018496320171106917,-0.2985818181818182
111,0.8796971277757124,0.8962976076339133,0.032781818181818176,0.3015054545454546,-0.0166004798582009,-0.2687236363636364
112,0.8797983425313776,0.8971775067458976,0.03625090909090909,0.30677454545454547,-0.017379164214520015,-0.27052363636363636
113,0.8796703518520702,0.8973541442696523,0.031025454545454547,0.30677454545454547,-0.01768379241758211,-0.27574909090909094
114,0.8797235444459048,0.8950365310711085,0.03629454545454545,0.31906909090909097,-0.01531298662520364,-0.2827745454545455
115,0.8800089111111381,0.8980655371798081,0.03453818181818181,0.31731272727272725,-0.01805662606866998,-0.28277454545454545
116,0.8798166143894196,0.8970764815849575,0.034538181818181815,0.31204363636363636,-0.017259867195537848,-0.27750545454545456
117,0.880077351548455,0.8984916067209199,0.03976363636363636,0.3173127272727273,-0.018414255172464866,-0.27754909090909097
118,0.8796153393658724,0.8959861847621959,0.03102545454545454,0.3190690909090909,-0.016370845396323497,-0.2880436363636364
119,0.8800664146379991,0.8965042177815197,0.03449454545454545,0.3260945454545454,-0.016437803143520613,-0.29159999999999997
120,0.8800064888867465,0.899117220417439,0.03453818181818181,0.33136363636363636,-0.019110731530692537,-0.29682545454545456
121,0.8801032798940485,0.8992101955720365,0.03449454545454545,0.33663272727272725,-0.019106915677988057,-0.3021381818181818
122,0.879839886860414,0.8942313555817373,0.03098181818181818,0.2979927272727273,-0.014391468721323242,-0.26701090909090913
123,0.879627873355692,0.8966970391483537,0.03102545454545454,0.3366327272727273,-0.01706916579266171,-0.3056072727272728
124,0.8796103940226815,0.8971381152105767,0.02751272727272727,0.2979927272727273,-0.01752772118789525,-0.27048000000000005
125,0.8796606945991516,0.8976391277233307,0.03102545454545454,0.33487636363636364,-0.017978433124179016,-0.3038509090909091
126,0.8799953121488745,0.8975908237259711,0.032781818181818176,0.30677454545454547,-0.0175955115770966,-0.2739927272727273
127,0.8795327032696117,0.8945647969506244,0.031025454545454547,0.3085309090909091,-0.01503209368101266,-0.27750545454545456
128,0.8798675435239618,0.8962042499006838,0.032781818181818176,0.3401454545454546,-0.01633670637672202,-0.3073636363636364
129,0.8798475897312165,0.8945039676646808,0.03273818181818181,0.29974909090909096,-0.014656377933464304,-0.26701090909090913
130,0.8798521075465462,0.8993795040128456,0.032781818181818176,0.33312,-0.019527396466299418,-0.30033818181818184
131,0.8798078108917583,0.8958349939898995,0.03102545454545454,0.31204363636363636,-0.016027183098141218,-0.28101818181818183
132,0.8798927894505587,0.8945741632712265,0.034538181818181815,0.3015054545454546,-0.014681373820667809,-0.2669672727272728
133,0.8798386572707783,0.896886401920558,0.03273818181818182,0.30677454545454547,-0.01704774464977976,-0.27403636363636363
134,0.8798043102567846,0.8944600300731709,0.02746909090909091,0.29272363636363635,-0.014655719816386248,-0.26525454545454547
135,0.8798535096645356,0.8949437085808366,0.02922545454545454,0.3050181818181818,-0.015090198916301034,-0.27579272727272724
136,0.8799076034805992,0.8974615796121779,0.03098181818181818,0.32609454545454547,-0.01755397613157872,-0.2951127272727273
137,0.879725637219169,0.8962227195888871,0.032781818181818176,0.3225818181818182,-0.01649708236971814,-0.2898
138,0.8795603587410666,0.8957315774267803,0.03102545454545454,0.3138,-0.016171218685713695,-0.2827745454545455
139,0.8799204173955051,0.8953738977589653,0.03449454545454545,0.3138,-0.01545348036346017,-0.2793054545454546
140,0.8794827477498488,0.8970538996565768,0.02751272727272727,0.29448,-0.017571151906727978,-0.2669672727272728
141,0.8796466145732186,0.8953861252331332,0.029269090909090908,0.31379999999999997,-0.015739510659914635,-0.28453090909090906
142,0.8796358574520458,0.8960897550196352,0.031025454545454547,0.29448,-0.016453897567589415,-0.2634545454545455
143,0.8797418176044117,0.8967558513947138,0.03098181818181818,0.3173127272727273,-0.017014033790302086,-0.28633090909090914
144,0.880097404610027,0.8982911466826795,0.036250909090909084,0.3208254545454546,-0.018193742072652563,-0.2845745454545455
145,0.8795346825773066,0.896335409088794,0.02751272727272727,0.3032618181818182,-0.01680072651148745,-0.27574909090909094
146,0.8800929163802754,0.8999053325965238,0.03805090909090907,0.3225818181818182,-0.019812416216248407,-0.2845309090909091
147,0.8797165414420041,0.8964134735949553,0.03098181818181818,0.33312,-0.016696932152951205,-0.30213818181818186
148,0.8800558885661038,0.8961759045637409,0.032781818181818176,0.3208254545454546,-0.016120015997637016,-0.2880436363636364
149,0.8797635541178963,0.8940619286024863,0.032781818181818176,0.2734036363636364,-0.014298374484590037,-0.24062181818181821
150,0.8796815574169159,0.8970633688648532,0.032781818181818176,0.31204363636363636,-0.017381811447937268,-0.27926181818181817
151,0.8795653997768055,0.8948015345942409,0.029269090909090908,0.3138000000000001,-0.015236134817435465,-0.28453090909090917
152,0.8801871294325049,0.8932414631329327,0.03629454545454545,0.29448,-0.013054333700427856,-0.25818545454545455
153,0.8803150011192669,0.8990478258913067,0.036250909090909084,0.3577090909090909,-0.018732824772039858,-0.32145818181818187
154,0.8799095434492284,0.8968851162866656,0.03273818181818182,0.31731272727272725,-0.016975572837437114,-0.2845745454545454
155,0.8799235263737766,0.8980370962119021,0.036294545454545454,0.32609454545454547,-0.01811356983812551,-0.2898
156,0.8799124499884519,0.8953098326175223,0.03805090909090909,0.3208254545454546,-0.015397382629070422,-0.2827745454545455
157,0.8797398687492718,0.8981081923838832,0.034538181818181815,0.34190181818181814,-0.018368323634611383,-0.30736363636363634
158,0.8795659013227983,0.8975936836732492,0.025712727272727273,0.34014545454545453,-0.018027782350450883,-0.31443272727272725
159,0.8797710779580203,0.8944543669949405,0.03102545454545454,0.2804290909090909,-0.014683289036920177,-0.24940363636363636
160,0.879888591224497,0.8952508657444256,0.03098181818181818,0.30326181818181813,-0.015362274519928554,-0.27227999999999997
161,0.8797573846036738,0.8928442855884228,0.034538181818181815,0.2769163636363637,-0.013086900984748961,-0.24237818181818188
162,0.8794451916217804,0.8983497390120085,0.02575636363636363,0.3243381818181818,-0.018904547390228177,-0.29858181818181817
163,0.8794649910926818,0.8980545755995862,0.029269090909090908,0.30326181818181813,-0.0185895845069044,-0.2739927272727272
164,0.8799711986021562,0.9010635001159829,0.03625090909090909,0.34892727272727275,-0.021092301513826683,-0.31267636363636364
165,0.8798495276407762,0.8952882374861787,0.03102545454545454,0.3085309090909091,-0.01543870984540252,-0.27750545454545456
166,0.8798296535015107,0.8931213384885134,0.03273818181818181,0.2839418181818182,-0.013291684987002728,-0.25120363636363635
167,0.87982836950909,0.8954165617751852,0.03805090909090909,0.34190181818181814,-0.015588192266095202,-0.30385090909090906
168,0.8798089893297716,0.8960090427196713,0.03102545454545454,0.2997490909090909,-0.016200053389899716,-0.2687236363636364
169,0.8797082897749814,0.8990388540633794,0.032781818181818176,0.34190181818181814,-0.019330564288397967,-0.30911999999999995
170,0.8796679918332534,0.8960318089554975,0.02746909090909091,0.32258181818181814,-0.016363817122244106,-0.29511272727272725
171,0.8800792177156969,0.898228964363373,0.0362509090909091,0.31028727272727274,-0.0181497466476761,-0.27403636363636363
172,0.8795458378575065,0.8965061425610403,0.029269090909090908,0.3225818181818182,-0.016960304703533824,-0.2933127272727273
173,0.8796684393015775,0.8948174421340441,0.02746909090909091,0.29974909090909096,-0.015149002832466674,-0.2722800000000001
174,0.8801055277477611,0.8985292941079407,0.034538181818181815,0.32433818181818186,-0.018423766360179616,-0.28980000000000006
175,0.8797042072903026,0.8973432887995294,0.029269090909090908,0.3085309090909091,-0.017639081509226773,-0.27926181818181817
176,0.8798439371585846,0.8971617018223993,0.034538181818181815,0.33312,-0.01731776466381474,-0.2985818181818182
177,0.8800325446779078,0.8969324256975095,0.03805090909090909,0.3208254545454546,-0.016899881019601715,-0.2827745454545455
178,0.8798223733901978,0.8977892869205045,0.03629454545454545,0.33312,-0.017966913530306772,-0.29682545454545456
179,0.879655180085789,0.89627516389198,0.029269090909090908,0.3050181818181818,-0.016619983806191008,-0.2757490909090909
180,0.8796352105790919,0.895341653827924,0.031025454545454547,0.2979927272727273,-0.01570644324883208,-0.2669672727272728
181,0.8796295883438804,0.8954439447117003,0.03102545454545454,0.2979927272727273,-0.015814356367819915,-0.2669672727272728
182,0.8799111844192852,0.8948008982380463,0.032781818181818176,0.30501818181818185,-0.014889713818761141,-0.27223636363636367
183,0.8799121442708102,0.8973588876228477,0.03625090909090908,0.3541963636363637,-0.01744674335203744,-0.31794545454545464
184,0.8795895448597995,0.8987496747069416,0.031025454545454547,0.3138,-0.019160129847142104,-0.2827745454545455
185,0.8797163521159779,0.8965574067204815,0.032781818181818176,0.3085309090909091,-0.01684105460450358,-0.2757490909090909
186,0.8795312320102345,0.8973198019374623,0.025712727272727273,0.32258181818181814,-0.01778856992722777,-0.29686909090909086
187,0.879632459228689,0.8955592359761206,0.03449454545454545,0.32258181818181814,-0.015926776747431592,-0.2880872727272727
188,0.8798799113793807,0.8990054557060646,0.03098181818181818,0.3454145454545455,-0.019125544326683896,-0.3144327272727273
189,0.8797515287182548,0.8949057393917571,0.03273818181818182,0.2804290909090909,-0.01515421067350231,-0.24769090909090907
190,0.8798620769110593,0.8965629380316824,0.034538181818181815,0.34190181818181814,-0.01670086112062308,-0.30736363636363634
191,0.8800937569141388,0.895866996471556,0.03629454545454545,0.31204363636363636,-0.015773239557417162,-0.2757490909090909
192,0.8799638932401483,0.8962707286070859,0.03629454545454545,0.3225818181818182,-0.016306835366937555,-0.2862872727272727
193,0.8797880740599199,0.8943028691046725,0.031025454545454547,0.2804290909090909,-0.014514795044752615,-0.24940363636363636
194,0.8793866096843372,0.8937219056790469,0.029269090909090908,0.2892109090909091,-0.014335295994709618,-0.25994181818181816
195,0.8796235160394148,0.895697785099931,0.032781818181818176,0.3243381818181818,-0.016074269060516233,-0.2915563636363636
196,0.8798932216384194,0.8966595702375688,0.03102545454545454,0.3190690909090909,-0.016766348599149383,-0.2880436363636364
197,0.8796958655660803,0.8935242803966772,0.03098181818181818,0.2909672727272727,-0.013828414830596936,-0.2599854545454545
198,0.8797773470661857,0.8955386006418947,0.03102545454545454,0.3190690909090909,-0.01576125357570901,-0.2880436363636364
199,0.8799455575509505,0.8950184255447885,0.03629454545454545,0.2979927272727273,-0.015072867993838002,-0.26169818181818183
