split,budget,variant,label,n_features,F1,F1_std,payload,rho_E,rho_L,rho_F,over_budget,dF_vs_combined_mean,dF_vs_combined_lcb95,dF_vs_combined_ucb95,dB_vs_combined_mean,dB_vs_combined_lcb95,dB_vs_combined_ucb95
validate,0.1,channel_only,"labeled variant, not deployed",2,0.90673,0.0,0.024,0.0,1.0,0.0,False,-0.00435,-0.0044,-0.0043,-0.04457,-0.0451,-0.04405
validate,0.1,task_only,"labeled variant, not deployed",21,0.90715,0.0,0.02376,0.0101,0.9899,0.0,False,-0.00393,-0.00398,-0.00388,-0.04482,-0.04535,-0.04429
validate,0.1,combined,deployed (reference),23,0.91108,0.00037,0.06857,0.0092,0.9444,0.0464,False,,,,,,
validate,0.1,tau_reference,tau rule (reference),,0.90734,0.00022,0.07215,0.0,0.9502,0.0498,False,-0.00374,-0.00379,-0.00369,0.00357,0.00272,0.00441
validate,0.2,channel_only,"labeled variant, not deployed",2,0.90673,0.0,0.024,0.0,1.0,0.0,False,-0.00499,-0.00504,-0.00494,-0.07586,-0.07658,-0.07514
validate,0.2,task_only,"labeled variant, not deployed",21,0.90715,0.0,0.02376,0.0101,0.9899,0.0,False,-0.00457,-0.00462,-0.00452,-0.0761,-0.07682,-0.07538
validate,0.2,combined,deployed (reference),23,0.91172,0.00037,0.09986,0.0088,0.9124,0.0787,False,,,,,,
validate,0.2,tau_reference,tau rule (reference),,0.90927,0.00042,0.21663,0.0,0.8006,0.1994,True,-0.00244,-0.00249,-0.0024,0.11677,0.11562,0.11791
validate,0.3,channel_only,"labeled variant, not deployed",2,0.90975,0.00047,0.28874,0.0,0.7259,0.2741,False,-0.00331,-0.00335,-0.00328,0.13093,0.13003,0.13184
validate,0.3,task_only,"labeled variant, not deployed",21,0.90715,0.0,0.02376,0.0101,0.9899,0.0,False,-0.00592,-0.00598,-0.00587,-0.13405,-0.13496,-0.13314
validate,0.3,combined,deployed (reference),23,0.91307,0.00039,0.15781,0.0076,0.8537,0.1387,False,,,,,,
validate,0.3,tau_reference,tau rule (reference),,0.9087,0.00054,0.31267,0.0,0.7012,0.2988,True,-0.00437,-0.00442,-0.00433,0.15486,0.15388,0.15585
test,0.1,channel_only,"labeled variant, not deployed",2,0.90113,0.0,0.024,0.0,1.0,0.0,False,-0.00213,-0.00221,-0.00204,-0.04398,-0.04453,-0.04343
test,0.1,task_only,"labeled variant, not deployed",21,0.90113,0.0,0.024,0.0,1.0,0.0,False,-0.00213,-0.00221,-0.00204,-0.04398,-0.04453,-0.04343
test,0.1,combined,deployed (reference),23,0.90326,0.00063,0.06798,0.0048,0.9496,0.0456,False,,,,,,
test,0.1,tau_reference,tau rule (reference),,0.90271,0.00042,0.0724,0.0,0.9499,0.0501,False,-0.00055,-0.00065,-0.00046,0.00442,0.00363,0.00519
test,0.2,channel_only,"labeled variant, not deployed",2,0.90113,0.0,0.024,0.0,1.0,0.0,False,-0.00349,-0.00357,-0.00341,-0.07072,-0.07136,-0.07008
test,0.2,task_only,"labeled variant, not deployed",21,0.90113,0.0,0.024,0.0,1.0,0.0,False,-0.00349,-0.00357,-0.00341,-0.07072,-0.07136,-0.07008
test,0.2,combined,deployed (reference),23,0.90463,0.0006,0.09472,0.0005,0.9263,0.0732,False,,,,,,
test,0.2,tau_reference,tau rule (reference),,0.9074,0.00074,0.21679,0.0,0.8004,0.1996,True,0.00277,0.00268,0.00286,0.12208,0.12099,0.12317
test,0.3,channel_only,"labeled variant, not deployed",2,0.90944,0.00076,0.28843,0.0,0.7263,0.2737,False,0.00209,0.00204,0.00215,0.1014,0.10066,0.10215
test,0.3,task_only,"labeled variant, not deployed",21,0.90113,0.0,0.024,0.0,1.0,0.0,False,-0.00621,-0.00631,-0.00611,-0.16303,-0.16413,-0.16192
test,0.3,combined,deployed (reference),23,0.90734,0.00074,0.18703,0.0008,0.8304,0.1688,False,,,,,,
test,0.3,tau_reference,tau rule (reference),,0.90937,0.00077,0.3125,0.0,0.7013,0.2987,True,0.00203,0.00196,0.00209,0.12547,0.12464,0.1263
culver,0.1,channel_only,"labeled variant, not deployed",2,0.87216,0.0,0.024,0.0,1.0,0.0,False,-0.00014,-0.00015,-0.00013,-0.00432,-0.00465,-0.004
culver,0.1,task_only,"labeled variant, not deployed",21,0.87216,0.0,0.024,0.0,1.0,0.0,False,-0.00014,-0.00015,-0.00013,-0.00432,-0.00465,-0.004
culver,0.1,combined,deployed (reference),23,0.8723,0.0001,0.02832,0.0,0.9955,0.0045,False,,,,,,
culver,0.1,tau_reference,tau rule (reference),,0.87491,0.00075,0.07176,0.0,0.9506,0.0494,False,0.00261,0.00251,0.00272,0.04343,0.04213,0.04481
culver,0.2,channel_only,"labeled variant, not deployed",2,0.87216,0.0,0.024,0.0,1.0,0.0,False,-0.00139,-0.00146,-0.00133,-0.01828,-0.019,-0.01755
culver,0.2,task_only,"labeled variant, not deployed",21,0.87216,0.0,0.024,0.0,1.0,0.0,False,-0.00139,-0.00146,-0.00133,-0.01828,-0.019,-0.01755
culver,0.2,combined,deployed (reference),23,0.87355,0.00047,0.04228,0.0,0.9811,0.0189,False,,,,,,
culver,0.2,tau_reference,tau rule (reference),,0.8834,0.00147,0.2174,0.0,0.7998,0.2002,True,0.00986,0.00967,0.01004,0.17512,0.17292,0.17738
culver,0.3,channel_only,"labeled variant, not deployed",2,0.88719,0.00165,0.29013,0.0,0.7245,0.2755,False,0.00432,0.00421,0.00444,0.13005,0.1284,0.13174
culver,0.3,task_only,"labeled variant, not deployed",21,0.87216,0.0,0.024,0.0,1.0,0.0,False,-0.01071,-0.0109,-0.01051,-0.13608,-0.138,-0.13419
culver,0.3,combined,deployed (reference),23,0.88286,0.00143,0.16008,0.0,0.8591,0.1409,False,,,,,,
culver,0.3,tau_reference,tau rule (reference),,0.8874,0.00166,0.31463,0.0,0.6991,0.3009,True,0.00454,0.00441,0.00467,0.15454,0.15274,0.15637
