split,budget,k,harq,policy,F1,payload,dF_vs_no_harq,dB_vs_no_harq
validate,0.1,1,0,RF,0.86101,0.08102,0.0,0.0
validate,0.1,1,0,tau,0.85683,0.07215,0.0,0.0
validate,0.1,1,0,Fixed-L,0.85538,0.024,0.0,0.0
validate,0.1,2,0,RF,0.86101,0.08102,0.0,0.0
validate,0.1,2,0,tau,0.85683,0.07215,0.0,0.0
validate,0.1,2,0,Fixed-L,0.85538,0.024,0.0,0.0
validate,0.1,4,0,RF,0.86101,0.08102,0.0,0.0
validate,0.1,4,0,tau,0.85683,0.07215,0.0,0.0
validate,0.1,4,0,Fixed-L,0.85538,0.024,0.0,0.0
validate,0.1,1,1,RF,0.86107,0.08156,6e-05,0.00054
validate,0.1,1,1,tau,0.85683,0.07215,0.0,0.0
validate,0.1,1,1,Fixed-L,0.85538,0.024,0.0,0.0
validate,0.1,2,1,RF,0.86108,0.08133,7e-05,0.00031
validate,0.1,2,1,tau,0.85683,0.07215,0.0,0.0
validate,0.1,2,1,Fixed-L,0.85538,0.024,0.0,0.0
validate,0.1,4,1,RF,0.86109,0.08118,8e-05,0.00016
validate,0.1,4,1,tau,0.85683,0.07215,0.0,0.0
validate,0.1,4,1,Fixed-L,0.85538,0.024,0.0,0.0
validate,0.2,1,0,RF,0.8644,0.15106,0.0,0.0
validate,0.2,1,0,tau,0.86119,0.21663,0.0,0.0
validate,0.2,1,0,Fixed-L,0.85538,0.024,0.0,0.0
validate,0.2,2,0,RF,0.8644,0.15106,0.0,0.0
validate,0.2,2,0,tau,0.86119,0.21663,0.0,0.0
validate,0.2,2,0,Fixed-L,0.85538,0.024,0.0,0.0
validate,0.2,4,0,RF,0.8644,0.15106,0.0,0.0
validate,0.2,4,0,tau,0.86119,0.21663,0.0,0.0
validate,0.2,4,0,Fixed-L,0.85538,0.024,0.0,0.0
validate,0.2,1,1,RF,0.86456,0.15295,0.00016,0.00189
validate,0.2,1,1,tau,0.86119,0.21663,0.0,0.0
validate,0.2,1,1,Fixed-L,0.85538,0.024,0.0,0.0
validate,0.2,2,1,RF,0.8646,0.15229,0.0002,0.00123
validate,0.2,2,1,tau,0.86119,0.21663,0.0,0.0
validate,0.2,2,1,Fixed-L,0.85538,0.024,0.0,0.0
validate,0.2,4,1,RF,0.86463,0.15189,0.00023,0.00083
validate,0.2,4,1,tau,0.86119,0.21663,0.0,0.0
validate,0.2,4,1,Fixed-L,0.85538,0.024,0.0,0.0
validate,0.3,1,0,RF,0.86583,0.20361,0.0,0.0
validate,0.3,1,0,tau,0.86259,0.31267,0.0,0.0
validate,0.3,1,0,Fixed-L,0.85538,0.024,0.0,0.0
validate,0.3,2,0,RF,0.86583,0.20361,0.0,0.0
validate,0.3,2,0,tau,0.86259,0.31267,0.0,0.0
validate,0.3,2,0,Fixed-L,0.85538,0.024,0.0,0.0
validate,0.3,4,0,RF,0.86583,0.20361,0.0,0.0
validate,0.3,4,0,tau,0.86259,0.31267,0.0,0.0
validate,0.3,4,0,Fixed-L,0.85538,0.024,0.0,0.0
validate,0.3,1,1,RF,0.86628,0.21164,0.00045,0.00803
validate,0.3,1,1,tau,0.86347,0.32259,0.00088,0.00992
validate,0.3,1,1,Fixed-L,0.85538,0.024,0.0,0.0
validate,0.3,2,1,RF,0.86639,0.20956,0.00056,0.00595
validate,0.3,2,1,tau,0.8637,0.31826,0.00111,0.00559
validate,0.3,2,1,Fixed-L,0.85538,0.024,0.0,0.0
validate,0.3,4,1,RF,0.86647,0.20829,0.00064,0.00468
validate,0.3,4,1,tau,0.86386,0.31565,0.00127,0.00298
validate,0.3,4,1,Fixed-L,0.85538,0.024,0.0,0.0
test,0.1,1,0,RF,0.89148,0.0368,0.0,0.0
test,0.1,1,0,tau,0.89247,0.0724,0.0,0.0
test,0.1,1,0,Fixed-L,0.89095,0.024,0.0,0.0
test,0.1,2,0,RF,0.89148,0.0368,0.0,0.0
test,0.1,2,0,tau,0.89247,0.0724,0.0,0.0
test,0.1,2,0,Fixed-L,0.89095,0.024,0.0,0.0
test,0.1,4,0,RF,0.89148,0.0368,0.0,0.0
test,0.1,4,0,tau,0.89247,0.0724,0.0,0.0
test,0.1,4,0,Fixed-L,0.89095,0.024,0.0,0.0
test,0.1,1,1,RF,0.89149,0.03689,1e-05,9e-05
test,0.1,1,1,tau,0.89247,0.0724,0.0,0.0
test,0.1,1,1,Fixed-L,0.89095,0.024,0.0,0.0
test,0.1,2,1,RF,0.89149,0.03685,1e-05,5e-05
test,0.1,2,1,tau,0.89247,0.0724,0.0,0.0
test,0.1,2,1,Fixed-L,0.89095,0.024,0.0,0.0
test,0.1,4,1,RF,0.89149,0.03682,1e-05,2e-05
test,0.1,4,1,tau,0.89247,0.0724,0.0,0.0
test,0.1,4,1,Fixed-L,0.89095,0.024,0.0,0.0
test,0.2,1,0,RF,0.89691,0.14141,0.0,0.0
test,0.2,1,0,tau,0.89701,0.21679,0.0,0.0
test,0.2,1,0,Fixed-L,0.89095,0.024,0.0,0.0
test,0.2,2,0,RF,0.89691,0.14141,0.0,0.0
test,0.2,2,0,tau,0.89701,0.21679,0.0,0.0
test,0.2,2,0,Fixed-L,0.89095,0.024,0.0,0.0
test,0.2,4,0,RF,0.89691,0.14141,0.0,0.0
test,0.2,4,0,tau,0.89701,0.21679,0.0,0.0
test,0.2,4,0,Fixed-L,0.89095,0.024,0.0,0.0
test,0.2,1,1,RF,0.897,0.14247,9e-05,0.00106
test,0.2,1,1,tau,0.89701,0.21679,0.0,0.0
test,0.2,1,1,Fixed-L,0.89095,0.024,0.0,0.0
test,0.2,2,1,RF,0.89702,0.14201,0.00011,0.0006
test,0.2,2,1,tau,0.89701,0.21679,0.0,0.0
test,0.2,2,1,Fixed-L,0.89095,0.024,0.0,0.0
test,0.2,4,1,RF,0.89704,0.14173,0.00013,0.00032
test,0.2,4,1,tau,0.89701,0.21679,0.0,0.0
test,0.2,4,1,Fixed-L,0.89095,0.024,0.0,0.0
test,0.3,1,0,RF,0.89783,0.21197,0.0,0.0
test,0.3,1,0,tau,0.899,0.3125,0.0,0.0
test,0.3,1,0,Fixed-L,0.89095,0.024,0.0,0.0
test,0.3,2,0,RF,0.89783,0.21197,0.0,0.0
test,0.3,2,0,tau,0.899,0.3125,0.0,0.0
test,0.3,2,0,Fixed-L,0.89095,0.024,0.0,0.0
test,0.3,4,0,RF,0.89783,0.21197,0.0,0.0
test,0.3,4,0,tau,0.899,0.3125,0.0,0.0
test,0.3,4,0,Fixed-L,0.89095,0.024,0.0,0.0
test,0.3,1,1,RF,0.89805,0.21568,0.00022,0.00371
test,0.3,1,1,tau,0.89963,0.32245,0.00063,0.00995
test,0.3,1,1,Fixed-L,0.89095,0.024,0.0,0.0
test,0.3,2,1,RF,0.8981,0.21446,0.00027,0.00249
test,0.3,2,1,tau,0.89979,0.31811,0.00079,0.00561
test,0.3,2,1,Fixed-L,0.89095,0.024,0.0,0.0
test,0.3,4,1,RF,0.89814,0.21373,0.00031,0.00176
test,0.3,4,1,tau,0.8999,0.31549,0.0009,0.00299
test,0.3,4,1,Fixed-L,0.89095,0.024,0.0,0.0
culver,0.1,1,0,RF,0.84667,0.02437,0.0,0.0
culver,0.1,1,0,tau,0.84956,0.07176,0.0,0.0
culver,0.1,1,0,Fixed-L,0.84664,0.024,0.0,0.0
culver,0.1,2,0,RF,0.84667,0.02437,0.0,0.0
culver,0.1,2,0,tau,0.84956,0.07176,0.0,0.0
culver,0.1,2,0,Fixed-L,0.84664,0.024,0.0,0.0
culver,0.1,4,0,RF,0.84667,0.02437,0.0,0.0
culver,0.1,4,0,tau,0.84956,0.07176,0.0,0.0
culver,0.1,4,0,Fixed-L,0.84664,0.024,0.0,0.0
culver,0.1,1,1,RF,0.84667,0.02437,0.0,0.0
culver,0.1,1,1,tau,0.84956,0.07176,0.0,0.0
culver,0.1,1,1,Fixed-L,0.84664,0.024,0.0,0.0
culver,0.1,2,1,RF,0.84667,0.02437,0.0,0.0
culver,0.1,2,1,tau,0.84956,0.07176,0.0,0.0
culver,0.1,2,1,Fixed-L,0.84664,0.024,0.0,0.0
culver,0.1,4,1,RF,0.84667,0.02437,0.0,0.0
culver,0.1,4,1,tau,0.84956,0.07176,0.0,0.0
culver,0.1,4,1,Fixed-L,0.84664,0.024,0.0,0.0
culver,0.2,1,0,RF,0.84975,0.06751,0.0,0.0
culver,0.2,1,0,tau,0.85858,0.2174,0.0,0.0
culver,0.2,1,0,Fixed-L,0.84664,0.024,0.0,0.0
culver,0.2,2,0,RF,0.84975,0.06751,0.0,0.0
culver,0.2,2,0,tau,0.85858,0.2174,0.0,0.0
culver,0.2,2,0,Fixed-L,0.84664,0.024,0.0,0.0
culver,0.2,4,0,RF,0.84975,0.06751,0.0,0.0
culver,0.2,4,0,tau,0.85858,0.2174,0.0,0.0
culver,0.2,4,0,Fixed-L,0.84664,0.024,0.0,0.0
culver,0.2,1,1,RF,0.84978,0.06791,3e-05,0.0004
culver,0.2,1,1,tau,0.85858,0.2174,0.0,0.0
culver,0.2,1,1,Fixed-L,0.84664,0.024,0.0,0.0
culver,0.2,2,1,RF,0.84979,0.06774,4e-05,0.00023
culver,0.2,2,1,tau,0.85858,0.2174,0.0,0.0
culver,0.2,2,1,Fixed-L,0.84664,0.024,0.0,0.0
culver,0.2,4,1,RF,0.84979,0.06763,4e-05,0.00012
culver,0.2,4,1,tau,0.85858,0.2174,0.0,0.0
culver,0.2,4,1,Fixed-L,0.84664,0.024,0.0,0.0
culver,0.3,1,0,RF,0.85932,0.18226,0.0,0.0
culver,0.3,1,0,tau,0.86316,0.31463,0.0,0.0
culver,0.3,1,0,Fixed-L,0.84664,0.024,0.0,0.0
culver,0.3,2,0,RF,0.85932,0.18226,0.0,0.0
culver,0.3,2,0,tau,0.86316,0.31463,0.0,0.0
culver,0.3,2,0,Fixed-L,0.84664,0.024,0.0,0.0
culver,0.3,4,0,RF,0.85932,0.18226,0.0,0.0
culver,0.3,4,0,tau,0.86316,0.31463,0.0,0.0
culver,0.3,4,0,Fixed-L,0.84664,0.024,0.0,0.0
culver,0.3,1,1,RF,0.85948,0.18411,0.00016,0.00185
culver,0.3,1,1,tau,0.864,0.32472,0.00084,0.01009
culver,0.3,1,1,Fixed-L,0.84664,0.024,0.0,0.0
culver,0.3,2,1,RF,0.85952,0.18338,0.0002,0.00112
culver,0.3,2,1,tau,0.86422,0.32032,0.00106,0.00569
culver,0.3,2,1,Fixed-L,0.84664,0.024,0.0,0.0
culver,0.3,4,1,RF,0.85955,0.18294,0.00023,0.00068
culver,0.3,4,1,tau,0.86437,0.31766,0.00121,0.00303
culver,0.3,4,1,Fixed-L,0.84664,0.024,0.0,0.0
